step,section_0_reward,section_1_reward,section_2_reward,section_0_payload,section_1_payload,section_2_payload
1,0.0,0.0,0.0,0.0,0.0,0.0
2,0.0,0.0,0.0,717.768,699.5585000000001,319.3224999999999
3,0.0,-63.99450000000013,0.0,586.7125333333329,625.564,279.24737619047636
4,0.0,0.0,10.0,586.7125333333329,625.564,279.24737619047636
5,10.0,0.0,0.0,586.7125333333329,625.564,279.24737619047636
6,0.0,0.0,10.0,586.7125333333329,625.564,279.24737619047636
7,10.0,0.0,0.0,586.7125333333329,625.564,279.24737619047636
8,0.0,0.0,10.0,586.7125333333329,625.564,279.24737619047636
9,0.0,0.0,10.0,586.7125333333329,625.564,279.24737619047636
10,10.0,0.0,0.0,586.7125333333329,625.564,279.24737619047636
11,0.0,0.0,10.0,586.7125333333329,625.564,279.24737619047636
12,10.0,0.0,0.0,586.7125333333329,625.564,279.24737619047636
13,0.0,0.0,10.0,586.7125333333329,625.564,279.24737619047636
14,10.0,0.0,0.0,586.7125333333329,625.564,279.24737619047636
15,0.0,0.0,10.0,586.7125333333329,625.564,279.24737619047636
16,10.0,0.0,0.0,586.7125333333329,625.564,279.24737619047636
17,0.0,0.0,10.0,586.7125333333329,625.564,279.24737619047636
18,10.0,0.0,0.0,586.7125333333329,625.564,279.24737619047636
19,10.0,0.0,0.0,586.7125333333329,625.564,279.24737619047636
20,0.0,0.0,10.0,586.7125333333329,625.564,279.24737619047636
21,10.0,0.0,0.0,586.7125333333329,625.564,279.24737619047636
22,0.0,0.0,10.0,586.7125333333329,625.564,279.24737619047636
23,20.78140833333373,0.0,0.0,597.4939416666666,619.4333333333334,279.24737619047636
24,0.0,0.0,10.0,597.4939416666666,619.4333333333334,279.24737619047636
25,10.0,0.0,0.0,597.4939416666666,619.4333333333334,279.24737619047636
26,0.0,0.0,10.0,597.4939416666666,619.4333333333334,279.24737619047636
27,173.19955833333313,0.0,0.0,760.6934999999997,552.7303936147185,279.24737619047636
28,0.0,10.0,0.0,760.6934999999997,552.7303936147185,279.24737619047636
29,0.0,0.0,10.0,760.6934999999997,552.7303936147185,279.24737619047636
30,0.0,10.0,0.0,760.6934999999997,552.7303936147185,279.24737619047636
31,0.0,0.0,10.0,760.6934999999997,552.7303936147185,279.24737619047636
32,0.0,10.0,0.0,760.6934999999997,552.7303936147185,279.24737619047636
33,0.0,0.0,10.0,760.6934999999997,552.7303936147185,279.24737619047636
34,0.0,76.70293971861486,0.0,597.4939416666666,619.4333333333334,279.24737619047636
35,0.0,0.0,10.0,597.4939416666666,619.4333333333334,279.24737619047636
36,10.0,0.0,0.0,597.4939416666666,619.4333333333334,279.24737619047636
37,0.0,0.0,10.0,597.4939416666666,619.4333333333334,279.24737619047636
38,10.0,0.0,0.0,597.4939416666666,619.4333333333334,279.24737619047636
39,10.0,0.0,0.0,597.4939416666666,619.4333333333334,279.24737619047636
40,0.0,0.0,10.0,597.4939416666666,619.4333333333334,279.24737619047636
41,10.0,0.0,0.0,597.4939416666666,619.4333333333334,279.24737619047636
42,0.0,0.0,10.0,597.4939416666666,619.4333333333334,279.24737619047636
43,10.0,0.0,0.0,597.4939416666666,619.4333333333334,279.24737619047636
44,0.0,0.0,10.0,597.4939416666666,619.4333333333334,279.24737619047636
45,10.0,0.0,0.0,597.4939416666666,619.4333333333334,279.24737619047636
46,0.0,0.0,10.0,597.4939416666666,619.4333333333334,279.24737619047636
47,10.0,0.0,0.0,597.4939416666666,619.4333333333334,279.24737619047636
48,0.0,0.0,10.0,597.4939416666666,619.4333333333334,279.24737619047636
49,10.0,0.0,0.0,597.4939416666666,619.4333333333334,279.24737619047636
50,0.0,0.0,10.0,597.4939416666666,619.4333333333334,279.24737619047636
51,10.0,0.0,0.0,597.4939416666666,619.4333333333334,279.24737619047636
52,0.0,0.0,10.0,597.4939416666666,619.4333333333334,279.24737619047636
53,10.0,0.0,0.0,597.4939416666666,619.4333333333334,279.24737619047636
54,0.0,0.0,10.0,597.4939416666666,619.4333333333334,279.24737619047636
55,10.0,0.0,0.0,597.4939416666666,619.4333333333334,279.24737619047636
56,0.0,0.0,10.0,597.4939416666666,619.4333333333334,279.24737619047636
57,10.0,0.0,0.0,597.4939416666666,619.4333333333334,279.24737619047636
58,0.0,0.0,10.0,597.4939416666666,619.4333333333334,279.24737619047636
59,10.0,0.0,0.0,597.4939416666666,619.4333333333334,279.24737619047636
60,0.0,0.0,10.0,597.4939416666666,619.4333333333334,279.24737619047636
61,173.19955833333313,0.0,0.0,760.6934999999997,552.7303936147185,279.24737619047636
62,0.0,10.0,0.0,760.6934999999997,552.7303936147185,279.24737619047636
63,0.0,0.0,10.0,760.6934999999997,552.7303936147185,279.24737619047636
64,0.0,10.0,0.0,760.6934999999997,552.7303936147185,279.24737619047636
65,0.0,0.0,10.0,760.6934999999997,552.7303936147185,279.24737619047636
66,0.0,10.0,0.0,760.6934999999997,552.7303936147185,279.24737619047636
67,0.0,0.0,10.0,760.6934999999997,552.7303936147185,279.24737619047636
68,0.0,10.0,0.0,760.6934999999997,552.7303936147185,279.24737619047636
69,0.0,0.0,10.0,760.6934999999997,552.7303936147185,279.24737619047636
70,0.0,10.0,0.0,760.6934999999997,552.7303936147185,279.24737619047636
71,0.0,0.0,10.0,760.6934999999997,552.7303936147185,279.24737619047636
72,0.0,10.0,0.0,760.6934999999997,552.7303936147185,279.24737619047636
73,0.0,0.0,10.0,760.6934999999997,552.7303936147185,279.24737619047636
74,0.0,10.0,0.0,760.6934999999997,552.7303936147185,279.24737619047636
75,0.0,0.0,10.0,760.6934999999997,552.7303936147185,279.24737619047636
76,0.0,10.0,0.0,760.6934999999997,552.7303936147185,279.24737619047636
77,0.0,0.0,10.0,760.6934999999997,552.7303936147185,279.24737619047636
78,0.0,10.0,0.0,760.6934999999997,552.7303936147185,279.24737619047636
79,0.0,0.0,32.373811111111024,760.6934999999997,552.7303936147185,301.6211873015874
80,0.0,10.0,0.0,760.6934999999997,552.7303936147185,301.6211873015874
81,0.0,0.0,10.0,760.6934999999997,552.7303936147185,301.6211873015874
82,0.0,10.0,0.0,760.6934999999997,552.7303936147185,301.6211873015874
83,0.0,0.0,10.0,760.6934999999997,552.7303936147185,301.6211873015874
84,0.0,10.0,0.0,760.6934999999997,552.7303936147185,301.6211873015874
85,0.0,0.0,10.0,760.6934999999997,552.7303936147185,301.6211873015874
86,0.0,0.0,10.0,760.6934999999997,552.7303936147185,301.6211873015874
87,0.0,10.0,0.0,760.6934999999997,552.7303936147185,301.6211873015874
88,0.0,0.0,10.0,760.6934999999997,552.7303936147185,301.6211873015874
89,0.0,10.0,0.0,760.6934999999997,552.7303936147185,301.6211873015874
90,0.0,0.0,10.0,760.6934999999997,552.7303936147185,301.6211873015874
91,0.0,0.0,10.0,760.6934999999997,552.7303936147185,301.6211873015874
92,0.0,0.0,10.0,760.6934999999997,552.7303936147185,301.6211873015874
93,0.0,10.0,0.0,760.6934999999997,552.7303936147185,301.6211873015874
94,0.0,0.0,10.0,760.6934999999997,552.7303936147185,301.6211873015874
95,0.0,10.0,0.0,760.6934999999997,552.7303936147185,301.6211873015874
96,0.0,0.0,10.0,760.6934999999997,552.7303936147185,301.6211873015874
97,0.0,10.0,0.0,760.6934999999997,552.7303936147185,301.6211873015874
98,0.0,0.0,10.0,760.6934999999997,552.7303936147185,301.6211873015874
99,0.0,10.0,0.0,760.6934999999997,552.7303936147185,301.6211873015874
100,0.0,0.0,10.0,760.6934999999997,552.7303936147185,301.6211873015874
101,0.0,10.0,0.0,760.6934999999997,552.7303936147185,301.6211873015874
102,0.0,0.0,10.0,760.6934999999997,552.7303936147185,301.6211873015874
103,0.0,10.0,0.0,760.6934999999997,552.7303936147185,301.6211873015874
104,0.0,0.0,10.0,760.6934999999997,552.7303936147185,301.6211873015874
105,0.0,10.0,0.0,760.6934999999997,552.7303936147185,301.6211873015874
106,0.0,10.0,0.0,760.6934999999997,552.7303936147185,301.6211873015874
107,0.0,0.0,10.0,760.6934999999997,552.7303936147185,301.6211873015874
108,0.0,10.0,0.0,760.6934999999997,552.7303936147185,301.6211873015874
109,0.0,0.0,10.0,760.6934999999997,552.7303936147185,301.6211873015874
110,0.0,10.0,0.0,760.6934999999997,552.7303936147185,301.6211873015874
111,0.0,0.0,10.0,760.6934999999997,552.7303936147185,301.6211873015874
112,0.0,10.0,0.0,760.6934999999997,552.7303936147185,301.6211873015874
113,0.0,0.0,10.0,760.6934999999997,552.7303936147185,301.6211873015874
114,0.0,10.0,0.0,760.6934999999997,552.7303936147185,301.6211873015874
115,0.0,0.0,10.0,760.6934999999997,552.7303936147185,301.6211873015874
116,0.0,10.0,0.0,760.6934999999997,552.7303936147185,301.6211873015874
117,0.0,10.0,0.0,760.6934999999997,552.7303936147185,301.6211873015874
118,0.0,0.0,10.0,760.6934999999997,552.7303936147185,301.6211873015874
119,0.0,0.0,10.0,760.6934999999997,552.7303936147185,301.6211873015874
120,0.0,10.0,0.0,760.6934999999997,552.7303936147185,301.6211873015874
121,0.0,10.0,0.0,760.6934999999997,552.7303936147185,301.6211873015874
122,0.0,0.0,10.0,760.6934999999997,552.7303936147185,301.6211873015874
123,0.0,0.0,10.0,760.6934999999997,552.7303936147185,301.6211873015874
124,0.0,10.0,0.0,760.6934999999997,552.7303936147185,301.6211873015874
125,0.0,0.0,10.0,760.6934999999997,552.7303936147185,301.6211873015874
126,0.0,10.0,0.0,760.6934999999997,552.7303936147185,301.6211873015874
127,0.0,0.0,10.0,760.6934999999997,552.7303936147185,301.6211873015874
128,0.0,10.0,0.0,760.6934999999997,552.7303936147185,301.6211873015874
129,0.0,0.0,10.0,760.6934999999997,552.7303936147185,301.6211873015874
130,0.0,10.0,0.0,760.6934999999997,552.7303936147185,301.6211873015874
131,0.0,0.0,10.0,760.6934999999997,552.7303936147185,301.6211873015874
132,0.0,83.2482730519481,0.0,597.4939416666666,625.9786666666666,301.6211873015874
133,0.0,0.0,10.0,597.4939416666666,625.9786666666666,301.6211873015874
134,10.0,0.0,0.0,597.4939416666666,625.9786666666666,301.6211873015874
135,10.0,0.0,0.0,597.4939416666666,625.9786666666666,301.6211873015874
136,0.0,0.0,10.0,597.4939416666666,625.9786666666666,301.6211873015874
137,0.0,0.0,63.6088365079363,597.4939416666666,625.6917000000001,355.2300238095237
138,10.0,0.0,0.0,597.4939416666666,625.6917000000001,355.2300238095237
139,10.0,0.0,0.0,597.4939416666666,625.6917000000001,355.2300238095237
140,0.0,0.0,10.0,597.4939416666666,625.6917000000001,355.2300238095237
141,173.19955833333313,0.0,0.0,760.6934999999997,536.3643202741703,355.2300238095237
142,0.0,0.0,10.0,760.6934999999997,536.3501202741703,355.2300238095237
143,0.0,99.34157972582977,0.0,597.4939416666666,625.6917000000001,355.2300238095237
144,0.0,0.0,10.0,597.4939416666666,625.6917000000001,355.2300238095237
145,10.0,0.0,0.0,597.4939416666666,625.6917000000001,355.2300238095237
146,0.0,0.0,10.0,597.4939416666666,625.6917000000001,355.2300238095237
147,10.0,0.0,0.0,597.4939416666666,625.6917000000001,355.2300238095237
148,0.0,0.0,10.0,597.4939416666666,625.6917000000001,355.2300238095237
149,10.0,0.0,0.0,597.4939416666666,625.6917000000001,355.2300238095237
150,0.0,0.0,12.050304761904954,597.4939416666666,643.0644833333334,357.28032857142864
151,10.0,0.0,0.0,597.4939416666666,643.0644833333334,357.28032857142864
152,0.0,0.0,10.0,597.4939416666666,643.0644833333334,357.28032857142864
153,0.0,0.0,10.0,597.4939416666666,643.0644833333334,357.28032857142864
154,0.0,0.0,10.0,597.4939416666666,643.0644833333334,357.28032857142864
155,10.0,0.0,0.0,597.4939416666666,643.0644833333334,357.28032857142864
156,0.0,0.0,10.0,597.4939416666666,643.0644833333334,357.28032857142864
157,10.0,0.0,0.0,597.4939416666666,643.0644833333334,357.28032857142864
158,10.0,0.0,0.0,597.4939416666666,643.0644833333334,357.28032857142864
159,0.0,0.0,10.0,597.4939416666666,643.0644833333334,357.28032857142864
160,0.0,0.0,10.0,597.4939416666666,643.0644833333334,357.28032857142864
161,10.0,0.0,0.0,597.4939416666666,643.0644833333334,357.28032857142864
162,0.0,0.0,10.0,597.4939416666666,643.0644833333334,357.28032857142864
163,10.0,0.0,0.0,597.4939416666666,643.0644833333334,357.28032857142864
164,0.0,0.0,10.0,597.4939416666666,643.0644833333334,357.28032857142864
165,10.0,0.0,0.0,597.4939416666666,643.0644833333334,357.28032857142864
166,0.0,0.0,10.0,597.4939416666666,643.0644833333334,357.28032857142864
167,10.0,0.0,0.0,597.4939416666666,643.0644833333334,357.28032857142864
168,0.0,0.0,10.0,597.4939416666666,643.0644833333334,357.28032857142864
169,10.0,0.0,0.0,597.4939416666666,643.0644833333334,357.28032857142864
170,0.0,0.0,10.0,597.4939416666666,643.0644833333334,357.28032857142864
171,10.0,0.0,0.0,597.4939416666666,643.0644833333334,357.28032857142864
172,0.0,0.0,10.0,597.4939416666666,643.0644833333334,357.28032857142864
173,10.0,0.0,0.0,597.4939416666666,643.0644833333334,357.28032857142864
174,0.0,0.0,10.0,597.4939416666666,643.0644833333334,357.28032857142864
175,0.0,0.0,10.0,597.4939416666666,643.0644833333334,357.28032857142864
176,10.0,0.0,0.0,597.4939416666666,643.0644833333334,357.28032857142864
177,0.0,0.0,10.0,597.4939416666666,643.0644833333334,357.28032857142864
178,10.0,0.0,0.0,597.4939416666666,643.0644833333334,357.28032857142864
179,0.0,0.0,10.0,597.4939416666666,643.0644833333334,357.28032857142864
180,0.0,0.0,10.0,597.4939416666666,643.0644833333334,357.28032857142864
181,10.0,0.0,0.0,597.4939416666666,643.0644833333334,357.28032857142864
182,0.0,0.0,10.0,597.4939416666666,643.0644833333334,357.28032857142864
183,10.0,0.0,0.0,597.4939416666666,643.0644833333334,357.28032857142864
184,0.0,0.0,10.0,597.4939416666666,643.0644833333334,357.28032857142864
185,10.0,0.0,0.0,597.4939416666666,643.0644833333334,357.28032857142864
186,0.0,0.0,10.0,597.4939416666666,643.0644833333334,357.28032857142864
187,0.0,0.0,10.0,597.4939416666666,643.0644833333334,357.28032857142864
188,10.0,0.0,0.0,597.4939416666666,643.0644833333334,357.28032857142864
189,0.0,0.0,10.0,597.4939416666666,643.0644833333334,357.28032857142864
190,10.0,0.0,0.0,597.4939416666666,643.0644833333334,357.28032857142864
191,10.0,0.0,0.0,597.4939416666666,643.0644833333334,357.28032857142864
192,0.0,0.0,10.0,597.4939416666666,643.0644833333334,357.28032857142864
193,10.0,0.0,0.0,597.4939416666666,643.0644833333334,357.28032857142864
194,0.0,0.0,41.031379761904645,597.4939416666666,667.0501666666667,388.3117083333333
195,0.0,0.0,10.0,597.4939416666666,667.0501666666667,388.3117083333333
196,10.0,0.0,0.0,597.4939416666666,667.0501666666667,388.3117083333333
197,0.0,0.0,10.0,597.4939416666666,667.0501666666667,388.3117083333333
198,10.0,0.0,0.0,597.4939416666666,667.0501666666667,388.3117083333333
199,0.0,0.0,10.0,597.4939416666666,667.0501666666667,388.3117083333333
200,10.0,0.0,0.0,597.4939416666666,667.0501666666667,388.3117083333333
201,0.0,0.0,10.0,597.4939416666666,667.0501666666667,388.3117083333333
202,10.0,0.0,0.0,597.4939416666666,667.0501666666667,388.3117083333333
203,0.0,0.0,10.0,597.4939416666666,667.0501666666667,388.3117083333333
204,10.0,0.0,0.0,597.4939416666666,667.0501666666667,388.3117083333333
205,10.0,0.0,0.0,597.4939416666666,667.0501666666667,388.3117083333333
206,0.0,0.0,10.0,597.4939416666666,667.0501666666667,388.3117083333333
207,10.0,0.0,0.0,597.4939416666666,667.0501666666667,388.3117083333333
208,0.0,0.0,10.0,597.4939416666666,667.0501666666667,388.3117083333333
209,10.0,0.0,0.0,597.4939416666666,667.0501666666667,388.3117083333333
210,0.0,0.0,11.872254256854376,597.4939416666666,620.5882833333335,390.18396259018766
211,10.0,0.0,0.0,597.4939416666666,620.5882833333335,390.18396259018766
212,0.0,0.0,38.527732034631924,597.4939416666666,584.0660833333338,418.7116946248196
213,0.0,10.0,0.0,597.4939416666666,584.0660833333338,418.7116946248196
214,0.0,0.0,26.876161232068682,597.4939416666666,601.5476000000006,435.58785585688827
215,10.0,0.0,0.0,597.4939416666666,601.5476000000006,435.58785585688827
216,0.0,0.0,10.0,597.4939416666666,601.5476000000006,435.58785585688827
217,0.0,0.0,10.0,597.4939416666666,601.5476000000006,435.58785585688827
218,173.19955833333313,0.0,0.0,760.6934999999997,488.8051785714286,435.58785585688827
219,0.0,10.0,0.0,760.6934999999997,488.8051785714286,435.58785585688827
220,0.0,0.0,10.0,760.6934999999997,488.8051785714286,435.58785585688827
221,0.0,10.0,0.0,760.6934999999997,488.8051785714286,435.58785585688827
222,0.0,10.0,0.0,760.6934999999997,488.8051785714286,435.58785585688827
223,0.0,10.0,0.0,760.6934999999997,488.8051785714286,435.58785585688827
224,0.0,0.0,10.0,760.6934999999997,488.8051785714286,435.58785585688827
225,0.0,10.0,0.0,760.6934999999997,488.8051785714286,435.58785585688827
226,0.0,10.0,0.0,760.6934999999997,488.8051785714286,435.58785585688827
227,0.0,0.0,10.0,760.6934999999997,488.8051785714286,435.58785585688827
228,0.0,10.0,0.0,760.6934999999997,488.8051785714286,435.58785585688827
229,0.0,0.0,10.0,760.6934999999997,488.8051785714286,435.58785585688827
230,0.0,10.0,0.0,760.6934999999997,488.8051785714286,435.58785585688827
231,0.0,0.0,10.0,760.6934999999997,488.8051785714286,435.58785585688827
232,0.0,10.0,0.0,760.6934999999997,488.8051785714286,435.58785585688827
233,0.0,0.0,10.0,760.6934999999997,488.8051785714286,435.58785585688827
234,0.0,10.0,0.0,760.6934999999997,488.8051785714286,435.58785585688827
235,0.0,0.0,34.563456541252776,760.6934999999997,489.5657541619199,460.15131239814104
236,0.0,10.0,0.0,760.6934999999997,489.5657541619199,460.15131239814104
237,0.0,10.0,0.0,760.6934999999997,489.5657541619199,460.15131239814104
238,0.0,0.0,10.0,760.6934999999997,489.5657541619199,460.15131239814104
239,0.0,10.0,0.0,760.6934999999997,489.5657541619199,460.15131239814104
240,0.0,0.0,10.0,760.6934999999997,489.5657541619199,460.15131239814104
241,0.0,10.0,0.0,760.6934999999997,489.5657541619199,460.15131239814104
242,0.0,0.0,10.0,760.6934999999997,489.5657541619199,460.15131239814104
243,0.0,10.0,0.0,760.6934999999997,489.5657541619199,460.15131239814104
244,0.0,0.0,10.0,760.6934999999997,489.5657541619199,460.15131239814104
245,0.0,10.0,0.0,760.6934999999997,489.5657541619199,460.15131239814104
246,0.0,0.0,10.0,760.6934999999997,489.5657541619199,460.15131239814104
247,0.0,10.0,0.0,760.6934999999997,489.5657541619199,460.15131239814104
248,0.0,0.0,10.0,760.6934999999997,489.5657541619199,460.15131239814104
249,0.0,88.74291250474766,0.0,597.4939416666666,568.3086666666676,460.15131239814104
250,0.0,0.0,10.0,597.4939416666666,568.3086666666676,460.15131239814104
251,0.0,62.2796166666659,0.0,534.5427414141409,620.5882833333335,460.15131239814104
252,0.0,0.0,-35.75621557274434,534.5427414141409,584.1034583333338,414.3950968253967
253,10.0,0.0,0.0,534.5427414141409,584.1034583333338,414.3950968253967
254,0.0,0.0,10.0,534.5427414141409,584.1034583333338,414.3950968253967
255,10.0,0.0,0.0,534.5427414141409,584.1034583333338,414.3950968253967
256,0.0,0.0,37.77071104728594,534.5427414141409,601.5476000000006,442.16580787268265
257,10.0,0.0,0.0,534.5427414141409,601.5476000000006,442.16580787268265
258,0.0,0.0,61.140711599511974,534.5427414141409,594.494452380953,493.3065194721946
259,10.0,0.0,0.0,534.5427414141409,594.494452380953,493.3065194721946
260,0.0,0.0,10.0,534.5427414141409,594.494452380953,493.3065194721946
261,10.0,0.0,0.0,534.5427414141409,594.494452380953,493.3065194721946
262,0.0,0.0,10.0,534.5427414141409,594.494452380953,493.3065194721946
263,10.0,0.0,0.0,534.5427414141409,594.494452380953,493.3065194721946
264,0.0,0.0,10.0,534.5427414141409,594.494452380953,493.3065194721946
265,10.0,0.0,0.0,534.5427414141409,594.494452380953,493.3065194721946
266,0.0,0.0,10.0,534.5427414141409,594.1267857142864,493.3065194721946
267,10.0,0.0,0.0,534.5427414141409,594.1267857142864,493.3065194721946
268,0.0,0.0,10.0,534.5427414141409,594.1267857142864,493.3065194721946
269,10.0,0.0,0.0,534.5427414141409,594.1267857142864,493.3065194721946
270,0.0,0.0,10.0,534.5427414141409,594.1267857142864,493.3065194721946
271,0.0,0.0,10.0,534.5427414141409,594.1267857142864,493.3065194721946
272,10.0,0.0,0.0,534.5427414141409,594.1267857142864,493.3065194721946
273,10.0,0.0,0.0,534.5427414141409,594.1267857142864,493.3065194721946
274,10.0,0.0,0.0,534.5427414141409,594.1267857142864,493.3065194721946
275,0.0,0.0,10.0,534.5427414141409,594.1267857142864,493.3065194721946
276,10.0,0.0,0.0,534.5427414141409,594.1267857142864,493.3065194721946
277,0.0,0.0,10.0,534.5427414141409,594.1267857142864,493.3065194721946
278,10.0,0.0,0.0,534.5427414141409,594.1267857142864,493.3065194721946
279,0.0,0.0,10.0,534.5427414141409,594.1267857142864,493.3065194721946
280,10.0,0.0,0.0,534.5427414141409,594.1267857142864,493.3065194721946
281,0.0,0.0,10.0,534.5427414141409,594.1267857142864,493.3065194721946
282,10.0,0.0,0.0,534.5427414141409,594.1267857142864,493.3065194721946
283,0.0,0.0,10.0,534.5427414141409,594.1267857142864,493.3065194721946
284,10.0,0.0,0.0,534.5427414141409,594.1267857142864,493.3065194721946
285,0.0,0.0,10.0,534.5427414141409,594.1267857142864,493.3065194721946
286,10.0,0.0,0.0,534.5427414141409,594.1267857142864,493.3065194721946
287,0.0,0.0,10.0,534.5427414141409,594.1267857142864,493.3065194721946
288,0.0,0.0,51.157154337329075,534.5427414141409,485.8993928571428,534.4636738095237
289,0.0,10.0,0.0,534.5427414141409,485.8993928571428,534.4636738095237
290,0.0,10.0,0.0,534.5427414141409,485.8993928571428,534.4636738095237
291,0.0,10.0,0.0,534.5427414141409,485.8993928571428,534.4636738095237
292,0.0,10.0,0.0,534.5427414141409,485.8993928571428,534.4636738095237
293,0.0,10.0,0.0,534.5427414141409,485.8993928571428,534.4636738095237
294,0.0,10.0,0.0,534.5427414141409,485.8993928571428,534.4636738095237
295,0.0,10.0,0.0,534.5427414141409,485.8993928571428,534.4636738095237
296,0.0,10.0,0.0,534.5427414141409,485.8993928571428,534.4636738095237
297,0.0,10.0,0.0,534.5427414141409,485.8993928571428,534.4636738095237
298,0.0,10.0,0.0,534.5427414141409,485.8993928571428,534.4636738095237
299,0.0,10.0,0.0,534.5427414141409,485.8993928571428,534.4636738095237
300,0.0,118.22739285714357,0.0,534.5427414141409,594.1267857142864,493.3065194721946
301,0.0,0.0,10.0,534.5427414141409,594.1267857142864,493.3065194721946
302,10.0,0.0,0.0,534.5427414141409,594.1267857142864,493.3065194721946
303,0.0,0.0,10.0,534.5427414141409,594.1267857142864,493.3065194721946
304,0.0,0.0,26.243611315872556,534.5427414141409,485.8143928571428,509.5501307880672
305,0.0,118.31239285714355,0.0,534.5427414141409,594.1267857142864,493.3065194721946
306,0.0,0.0,10.0,534.5427414141409,594.1267857142864,493.3065194721946
307,0.0,0.0,10.0,534.5427414141409,594.1267857142864,493.3065194721946
308,10.0,0.0,0.0,534.5427414141409,594.1267857142864,493.3065194721946
309,0.0,0.0,26.243611315872556,534.5427414141409,485.8143928571428,509.5501307880672
310,0.0,10.0,0.0,534.5427414141409,485.8143928571428,509.5501307880672
311,0.0,10.0,0.0,534.5427414141409,485.8143928571428,509.5501307880672
312,0.0,10.0,0.0,534.5427414141409,485.8143928571428,509.5501307880672
313,0.0,10.0,0.0,534.5427414141409,485.8143928571428,509.5501307880672
314,0.0,10.0,0.0,534.5427414141409,485.8143928571428,509.5501307880672
315,0.0,10.0,0.0,534.5427414141409,485.8143928571428,509.5501307880672
316,0.0,10.0,0.0,534.5427414141409,485.8143928571428,509.5501307880672
317,0.0,10.0,0.0,534.5427414141409,485.8143928571428,509.5501307880672
318,0.0,10.0,0.0,534.5427414141409,485.8143928571428,509.5501307880672
319,0.0,10.0,0.0,534.5427414141409,485.8143928571428,509.5501307880672
320,0.0,10.0,0.0,534.5427414141409,485.8143928571428,509.5501307880672
321,0.0,10.0,0.0,534.5427414141409,485.8143928571428,509.5501307880672
322,0.0,10.0,0.0,534.5427414141409,485.8143928571428,509.5501307880672
323,0.0,10.0,0.0,534.5427414141409,485.8143928571428,509.5501307880672
324,0.0,10.0,0.0,534.5427414141409,485.8143928571428,509.5501307880672
325,0.0,10.0,0.0,534.5427414141409,485.8143928571428,509.5501307880672
326,0.0,10.0,0.0,534.5427414141409,485.8143928571428,509.5501307880672
327,0.0,10.0,0.0,534.5427414141409,485.8143928571428,509.5501307880672
328,0.0,10.0,0.0,534.5427414141409,485.8143928571428,509.5501307880672
329,0.0,118.31239285714355,0.0,534.5427414141409,594.1267857142864,493.3065194721946
330,0.0,0.0,10.0,534.5427414141409,594.1267857142864,493.3065194721946
331,10.0,0.0,0.0,534.5427414141409,594.1267857142864,493.3065194721946
332,0.0,0.0,10.0,534.5427414141409,594.1267857142864,493.3065194721946
333,10.0,0.0,0.0,534.5427414141409,594.1267857142864,493.3065194721946
334,0.0,0.0,10.0,534.5427414141409,594.1267857142864,493.3065194721946
335,10.0,0.0,0.0,534.5427414141409,594.1267857142864,493.3065194721946
336,0.0,0.0,10.0,534.5427414141409,594.1267857142864,493.3065194721946
337,10.0,0.0,0.0,534.5427414141409,594.1267857142864,493.3065194721946
338,0.0,0.0,51.157154337329075,534.5427414141409,485.8993928571428,534.4636738095237
339,0.0,10.0,0.0,534.5427414141409,485.8993928571428,534.4636738095237
340,0.0,10.0,0.0,534.5427414141409,485.8993928571428,534.4636738095237
341,0.0,10.0,0.0,534.5427414141409,485.8993928571428,534.4636738095237
342,0.0,10.0,0.0,534.5427414141409,485.8993928571428,534.4636738095237
343,0.0,10.0,0.0,534.5427414141409,485.8993928571428,534.4636738095237
344,0.0,10.0,0.0,534.5427414141409,485.8993928571428,534.4636738095237
345,0.0,10.0,0.0,534.5427414141409,485.8993928571428,534.4636738095237
346,0.0,10.0,0.0,534.5427414141409,485.8993928571428,534.4636738095237
347,0.0,10.0,0.0,534.5427414141409,485.8993928571428,534.4636738095237
348,0.0,10.0,0.0,534.5427414141409,485.8993928571428,534.4636738095237
349,0.0,10.0,0.0,534.5427414141409,485.8993928571428,534.4636738095237
350,0.0,10.0,0.0,534.5427414141409,485.8993928571428,534.4636738095237
351,0.0,10.0,0.0,534.5427414141409,485.8993928571428,534.4636738095237
352,0.0,10.0,0.0,534.5427414141409,485.8993928571428,534.4636738095237
353,0.0,10.0,0.0,534.5427414141409,485.8993928571428,534.4636738095237
354,0.0,10.0,0.0,534.5427414141409,485.8993928571428,534.4636738095237
355,0.0,10.0,0.0,534.5427414141409,485.8993928571428,534.4636738095237
356,0.0,10.0,0.0,534.5427414141409,485.8993928571428,534.4636738095237
357,0.0,10.0,0.0,534.5427414141409,485.8993928571428,534.4636738095237
358,0.0,10.0,0.0,534.5427414141409,485.8993928571428,534.4636738095237
359,0.0,10.0,0.0,534.5427414141409,485.8993928571428,534.4636738095237
360,0.0,10.0,0.0,534.5427414141409,485.8993928571428,534.4636738095237
361,0.0,10.0,0.0,534.5427414141409,485.8993928571428,534.4636738095237
362,0.0,10.0,0.0,534.5427414141409,485.8993928571428,534.4636738095237
363,0.0,10.0,0.0,534.5427414141409,485.8993928571428,534.4636738095237
364,0.0,10.0,0.0,534.5427414141409,485.8993928571428,534.4636738095237
365,0.0,10.0,0.0,534.5427414141409,485.8993928571428,534.4636738095237
366,0.0,10.0,0.0,534.5427414141409,485.8993928571428,534.4636738095237
367,0.0,10.0,0.0,534.5427414141409,485.8993928571428,534.4636738095237
368,0.0,10.0,0.0,534.5427414141409,485.8993928571428,534.4636738095237
369,0.0,10.0,0.0,534.5427414141409,485.8993928571428,534.4636738095237
370,0.0,10.0,0.0,534.5427414141409,485.8993928571428,534.4636738095237
371,0.0,10.0,0.0,534.5427414141409,485.8993928571428,534.4636738095237
372,0.0,10.0,0.0,534.5427414141409,485.8993928571428,534.4636738095237
373,0.0,10.0,0.0,534.5427414141409,485.8993928571428,534.4636738095237
374,0.0,10.0,0.0,534.5427414141409,485.8993928571428,534.4636738095237
375,0.0,10.0,0.0,534.5427414141409,485.8993928571428,534.4636738095237
376,0.0,10.0,0.0,534.5427414141409,485.8993928571428,534.4636738095237
377,0.0,10.0,0.0,534.5427414141409,485.8993928571428,534.4636738095237
378,0.0,118.22739285714357,0.0,534.5427414141409,594.1267857142864,493.3065194721946
379,0.0,0.0,10.0,534.5427414141409,594.1267857142864,493.3065194721946
380,10.0,0.0,0.0,534.5427414141409,594.1267857142864,493.3065194721946
381,0.0,0.0,26.243611315872556,534.5427414141409,485.8143928571428,509.5501307880672
382,0.0,10.0,0.0,534.5427414141409,485.8143928571428,509.5501307880672
383,0.0,10.0,0.0,534.5427414141409,485.8143928571428,509.5501307880672
384,0.0,118.31239285714355,0.0,534.5427414141409,594.1267857142864,493.3065194721946
385,0.0,0.0,10.0,534.5427414141409,594.1267857142864,493.3065194721946
386,10.0,0.0,0.0,534.5427414141409,594.1267857142864,493.3065194721946
387,0.0,0.0,10.0,534.5427414141409,594.1267857142864,493.3065194721946
388,10.0,0.0,0.0,534.5427414141409,594.1267857142864,493.3065194721946
389,0.0,0.0,10.0,534.5427414141409,594.1267857142864,493.3065194721946
390,10.0,0.0,0.0,534.5427414141409,594.1267857142864,493.3065194721946
391,0.0,0.0,26.243611315872556,534.5427414141409,485.8143928571428,509.5501307880672
392,0.0,10.0,0.0,534.5427414141409,485.8143928571428,509.5501307880672
393,0.0,31.56219603174651,0.0,534.5427414141409,507.37658888888933,498.4609117965367
394,0.0,0.0,10.0,534.5427414141409,507.37658888888933,498.4609117965367
395,0.0,10.0,0.0,534.5427414141409,507.37658888888933,498.4609117965367
396,0.0,0.0,10.0,534.5427414141409,507.37658888888933,498.4609117965367
397,0.0,10.0,0.0,534.5427414141409,507.37658888888933,498.4609117965367
398,0.0,0.0,10.0,534.5427414141409,507.37658888888933,498.4609117965367
399,0.0,0.0,10.0,534.5427414141409,507.37658888888933,498.4609117965367
400,0.0,10.0,0.0,534.5427414141409,507.37658888888933,498.4609117965367
401,0.0,0.0,10.0,534.5427414141409,507.37658888888933,498.4609117965367
402,0.0,10.0,0.0,534.5427414141409,507.37658888888933,498.4609117965367
403,0.0,0.0,10.0,534.5427414141409,507.37658888888933,498.4609117965367
404,0.0,10.0,0.0,534.5427414141409,507.37658888888933,498.4609117965367
405,0.0,0.0,10.0,534.5427414141409,507.37658888888933,498.4609117965367
406,0.0,10.0,0.0,534.5427414141409,507.37658888888933,498.4609117965367
407,0.0,0.0,10.0,534.5427414141409,507.37658888888933,498.4609117965367
408,0.0,10.0,0.0,534.5427414141409,507.37658888888933,498.4609117965367
409,0.0,0.0,10.0,534.5427414141409,507.37658888888933,498.4609117965367
410,0.0,10.0,0.0,534.5427414141409,507.37658888888933,498.4609117965367
411,0.0,0.0,10.0,534.5427414141409,507.37658888888933,498.4609117965367
412,0.0,10.0,0.0,534.5427414141409,507.37658888888933,498.4609117965367
413,0.0,0.0,10.0,534.5427414141409,507.37658888888933,498.4609117965367
414,0.0,10.0,0.0,534.5427414141409,507.37658888888933,498.4609117965367
415,0.0,0.0,10.0,534.5427414141409,507.37658888888933,498.4609117965367
416,0.0,0.0,10.0,534.5427414141409,507.37658888888933,498.4609117965367
417,0.0,10.0,0.0,534.5427414141409,507.37658888888933,498.4609117965367
418,0.0,0.0,21.08921899153046,534.5427414141409,485.8143928571428,509.5501307880672
419,0.0,10.0,0.0,534.5427414141409,485.8143928571428,509.5501307880672
420,0.0,10.0,0.0,534.5427414141409,485.8143928571428,509.5501307880672
421,0.0,10.0,0.0,534.5427414141409,485.8143928571428,509.5501307880672
422,0.0,10.0,0.0,534.5427414141409,485.8143928571428,509.5501307880672
423,0.0,10.0,0.0,534.5427414141409,485.8143928571428,509.5501307880672
424,0.0,118.31239285714355,0.0,534.5427414141409,594.1267857142864,493.3065194721946
425,10.0,0.0,0.0,534.5427414141409,594.1267857142864,493.3065194721946
426,0.0,0.0,51.157154337329075,534.5427414141409,485.8993928571428,534.4636738095237
427,0.0,10.0,0.0,534.5427414141409,485.8993928571428,534.4636738095237
428,0.0,10.0,0.0,534.5427414141409,485.8993928571428,534.4636738095237
429,0.0,10.0,0.0,534.5427414141409,485.8993928571428,534.4636738095237
430,0.0,10.0,0.0,534.5427414141409,485.8993928571428,534.4636738095237
431,0.0,10.0,0.0,534.5427414141409,485.8993928571428,534.4636738095237
432,0.0,10.0,0.0,534.5427414141409,485.8993928571428,534.4636738095237
433,0.0,10.0,0.0,534.5427414141409,485.8993928571428,534.4636738095237
434,0.0,10.0,0.0,534.5427414141409,485.8993928571428,534.4636738095237
435,0.0,10.0,0.0,534.5427414141409,485.8993928571428,534.4636738095237
436,0.0,10.0,0.0,534.5427414141409,485.8993928571428,534.4636738095237
437,0.0,10.0,0.0,534.5427414141409,485.8993928571428,534.4636738095237
438,0.0,10.0,0.0,534.5427414141409,485.8993928571428,534.4636738095237
439,0.0,10.0,0.0,534.5427414141409,485.8993928571428,534.4636738095237
440,0.0,10.0,0.0,534.5427414141409,485.8993928571428,534.4636738095237
441,0.0,10.0,0.0,534.5427414141409,485.8993928571428,534.4636738095237
442,0.0,10.0,0.0,534.5427414141409,485.8993928571428,534.4636738095237
443,0.0,10.0,0.0,534.5427414141409,485.8993928571428,534.4636738095237
444,0.0,10.0,0.0,534.5427414141409,485.8993928571428,534.4636738095237
445,0.0,10.0,0.0,534.5427414141409,485.8993928571428,534.4636738095237
446,0.0,10.0,0.0,534.5427414141409,485.8993928571428,534.4636738095237
447,0.0,10.0,0.0,534.5427414141409,485.8993928571428,534.4636738095237
448,0.0,10.0,0.0,534.5427414141409,485.8993928571428,534.4636738095237
449,0.0,10.0,0.0,534.5427414141409,485.8993928571428,534.4636738095237
450,0.0,10.0,0.0,534.5427414141409,485.8993928571428,534.4636738095237
451,0.0,10.0,0.0,534.5427414141409,485.8993928571428,534.4636738095237
452,0.0,10.0,0.0,534.5427414141409,485.8993928571428,534.4636738095237
453,0.0,10.0,0.0,534.5427414141409,485.8993928571428,534.4636738095237
454,0.0,10.0,0.0,534.5427414141409,485.8993928571428,534.4636738095237
455,0.0,10.0,0.0,534.5427414141409,485.8993928571428,534.4636738095237
456,0.0,10.0,0.0,534.5427414141409,485.8993928571428,534.4636738095237
457,0.0,10.0,0.0,534.5427414141409,485.8993928571428,534.4636738095237
458,0.0,10.0,0.0,534.5427414141409,485.8993928571428,534.4636738095237
459,0.0,10.0,0.0,534.5427414141409,485.8993928571428,534.4636738095237
460,0.0,10.0,0.0,534.5427414141409,485.8993928571428,534.4636738095237
461,0.0,10.0,0.0,534.5427414141409,485.8993928571428,534.4636738095237
462,0.0,10.0,0.0,534.5427414141409,485.8993928571428,534.4636738095237
463,0.0,118.22739285714357,0.0,534.5427414141409,594.1267857142864,493.3065194721946
464,0.0,0.0,10.0,534.5427414141409,594.1267857142864,493.3065194721946
465,10.0,0.0,0.0,534.5427414141409,594.1267857142864,493.3065194721946
466,0.0,0.0,10.0,534.5427414141409,594.1267857142864,493.3065194721946
467,10.0,0.0,0.0,534.5427414141409,594.1267857142864,493.3065194721946
468,0.0,0.0,10.0,534.5427414141409,594.1267857142864,493.3065194721946
469,10.0,0.0,0.0,534.5427414141409,594.1267857142864,493.3065194721946
470,0.0,0.0,10.0,534.5427414141409,594.1267857142864,493.3065194721946
471,10.0,0.0,0.0,534.5427414141409,594.1267857142864,493.3065194721946
472,0.0,0.0,10.0,534.5427414141409,594.1267857142864,493.3065194721946
473,10.0,0.0,0.0,534.5427414141409,594.1267857142864,493.3065194721946
474,0.0,0.0,10.0,534.5427414141409,594.1267857142864,493.3065194721946
475,10.0,0.0,0.0,534.5427414141409,594.1267857142864,493.3065194721946
476,0.0,0.0,10.0,534.5427414141409,594.1267857142864,493.3065194721946
477,10.0,0.0,0.0,534.5427414141409,594.1267857142864,493.3065194721946
478,0.0,0.0,10.0,534.5427414141409,594.1267857142864,493.3065194721946
479,10.0,0.0,0.0,534.5427414141409,594.1267857142864,493.3065194721946
480,0.0,0.0,10.0,534.5427414141409,594.1267857142864,493.3065194721946
481,10.0,0.0,0.0,534.5427414141409,594.1267857142864,493.3065194721946
482,0.0,0.0,10.0,534.5427414141409,594.1267857142864,493.3065194721946
483,0.0,0.0,10.0,534.5427414141409,594.1267857142864,493.3065194721946
484,10.0,0.0,0.0,534.5427414141409,594.1267857142864,493.3065194721946
485,0.0,0.0,10.0,534.5427414141409,594.1267857142864,493.3065194721946
486,10.0,0.0,0.0,534.5427414141409,594.1267857142864,493.3065194721946
487,0.0,0.0,10.0,534.5427414141409,594.1267857142864,493.3065194721946
488,10.0,0.0,0.0,534.5427414141409,594.1267857142864,493.3065194721946
489,0.0,0.0,10.0,534.5427414141409,594.1267857142864,493.3065194721946
490,10.0,0.0,0.0,534.5427414141409,594.1267857142864,493.3065194721946
491,0.0,0.0,10.0,534.5427414141409,594.1267857142864,493.3065194721946
492,10.0,0.0,0.0,534.5427414141409,594.1267857142864,493.3065194721946
493,0.0,0.0,10.0,534.5427414141409,594.1267857142864,493.3065194721946
494,10.0,0.0,0.0,534.5427414141409,594.1267857142864,493.3065194721946
495,10.0,0.0,0.0,534.5427414141409,594.1267857142864,493.3065194721946
496,0.0,0.0,10.0,534.5427414141409,594.1267857142864,493.3065194721946
497,10.0,0.0,0.0,534.5427414141409,594.1267857142864,493.3065194721946
498,0.0,0.0,10.0,534.5427414141409,594.1267857142864,493.3065194721946
499,10.0,0.0,0.0,534.5427414141409,594.1267857142864,493.3065194721946
500,0.0,0.0,51.157154337329075,534.5427414141409,485.8993928571428,534.4636738095237
501,0.0,10.0,0.0,534.5427414141409,485.8993928571428,534.4636738095237
502,0.0,10.0,0.0,534.5427414141409,485.8993928571428,534.4636738095237
503,0.0,10.0,0.0,534.5427414141409,485.8993928571428,534.4636738095237
504,0.0,10.0,0.0,534.5427414141409,485.8993928571428,534.4636738095237
505,0.0,112.9803321428571,0.0,530.071050946276,588.8797249999999,534.4636738095237
506,0.0,0.0,10.0,530.071050946276,588.8797249999999,534.4636738095237
507,10.0,0.0,0.0,530.071050946276,588.8797249999999,534.4636738095237
508,0.0,0.0,10.0,530.071050946276,588.8797249999999,534.4636738095237
509,10.0,0.0,0.0,530.071050946276,588.8797249999999,534.4636738095237
510,0.0,0.0,10.0,530.071050946276,588.8797249999999,534.4636738095237
511,10.0,0.0,0.0,530.071050946276,588.8797249999999,534.4636738095237
512,10.0,0.0,0.0,530.071050946276,588.8797249999999,534.4636738095237
513,0.0,0.0,16.141259417298443,530.071050946276,544.0047166666666,540.6049332268221
514,10.0,0.0,0.0,530.071050946276,544.0047166666666,540.6049332268221
515,0.0,0.0,10.0,530.071050946276,544.0047166666666,540.6049332268221
516,10.0,0.0,0.0,530.071050946276,544.0047166666666,540.6049332268221
517,0.0,0.0,10.0,530.071050946276,544.0047166666666,540.6049332268221
518,10.0,0.0,0.0,530.071050946276,544.0047166666666,540.6049332268221
519,0.0,0.0,10.0,530.071050946276,544.0047166666666,540.6049332268221
520,10.0,0.0,0.0,530.071050946276,544.0047166666666,540.6049332268221
521,10.0,0.0,0.0,530.071050946276,544.0047166666666,540.6049332268221
522,0.0,0.0,10.0,530.071050946276,544.0047166666666,540.6049332268221
523,10.0,0.0,0.0,530.071050946276,544.0047166666666,540.6049332268221
524,0.0,0.0,25.55480427317775,530.071050946276,567.9204500000001,556.1597374999999
525,10.0,0.0,0.0,530.071050946276,567.9204500000001,556.1597374999999
526,10.0,0.0,0.0,530.071050946276,567.9204500000001,556.1597374999999
527,0.0,0.0,10.0,530.071050946276,567.9204500000001,556.1597374999999
528,10.0,0.0,0.0,530.071050946276,567.9204500000001,556.1597374999999
529,0.0,0.0,10.0,530.071050946276,567.9204500000001,556.1597374999999
530,10.0,0.0,0.0,530.071050946276,567.9204500000001,556.1597374999999
531,0.0,0.0,10.0,530.071050946276,567.9204500000001,556.1597374999999
532,10.0,0.0,0.0,530.071050946276,567.9204500000001,556.1597374999999
533,0.0,0.0,10.0,530.071050946276,567.9204500000001,556.1597374999999
534,14.471690467864846,0.0,0.0,534.5427414141409,522.4965315295809,556.1597374999999
535,0.0,10.0,0.0,534.5427414141409,522.4965315295809,556.1597374999999
536,0.0,10.0,0.0,534.5427414141409,522.4965315295809,556.1597374999999
537,0.0,10.0,0.0,534.5427414141409,522.4965315295809,556.1597374999999
538,0.0,10.0,0.0,534.5427414141409,522.4965315295809,556.1597374999999
539,0.0,10.0,0.0,534.5427414141409,522.4965315295809,556.1597374999999
540,0.0,10.0,0.0,534.5427414141409,522.4965315295809,556.1597374999999
541,0.0,10.0,0.0,534.5427414141409,522.4965315295809,556.1597374999999
542,0.0,10.0,0.0,534.5427414141409,522.4965315295809,556.1597374999999
543,0.0,10.0,0.0,534.5427414141409,522.4965315295809,556.1597374999999
544,0.0,10.0,0.0,534.5427414141409,522.4965315295809,556.1597374999999
545,0.0,10.0,0.0,534.5427414141409,522.4965315295809,556.1597374999999
546,0.0,10.0,0.0,534.5427414141409,522.4965315295809,556.1597374999999
547,0.0,10.0,0.0,534.5427414141409,522.4965315295809,556.1597374999999
548,0.0,10.0,0.0,534.5427414141409,522.4965315295809,556.1597374999999
549,0.0,10.0,0.0,534.5427414141409,522.4965315295809,556.1597374999999
550,0.0,10.0,0.0,534.5427414141409,522.4965315295809,556.1597374999999
551,0.0,10.0,0.0,534.5427414141409,522.4965315295809,556.1597374999999
552,0.0,10.0,0.0,534.5427414141409,522.4965315295809,556.1597374999999
553,0.0,10.0,0.0,534.5427414141409,522.4965315295809,556.1597374999999
554,0.0,10.0,0.0,534.5427414141409,522.4965315295809,556.1597374999999
555,0.0,10.0,0.0,534.5427414141409,522.4965315295809,556.1597374999999
556,0.0,10.0,0.0,534.5427414141409,522.4965315295809,556.1597374999999
557,0.0,10.0,0.0,534.5427414141409,522.4965315295809,556.1597374999999
558,0.0,10.0,0.0,534.5427414141409,522.4965315295809,556.1597374999999
559,0.0,10.0,0.0,534.5427414141409,522.4965315295809,556.1597374999999
560,0.0,10.0,0.0,534.5427414141409,522.4965315295809,556.1597374999999
561,0.0,10.0,0.0,549.5567394300141,522.4965315295809,556.1597374999999
562,0.0,-30.925076984126576,0.0,549.5567394300141,481.57145454545434,540.6049332268221
563,0.0,72.43326212121224,0.0,530.071050946276,544.0047166666666,540.6049332268221
564,0.0,0.0,10.0,530.071050946276,544.0047166666666,540.6049332268221
565,10.0,0.0,0.0,530.071050946276,544.0047166666666,540.6049332268221
566,0.0,0.0,10.0,530.071050946276,544.0047166666666,540.6049332268221
567,10.0,0.0,0.0,530.071050946276,544.0047166666666,540.6049332268221
568,0.0,0.0,10.0,530.071050946276,544.0047166666666,540.6049332268221
569,10.0,0.0,0.0,530.071050946276,544.0047166666666,540.6049332268221
570,0.0,0.0,25.55480427317775,530.071050946276,567.9204500000001,556.1597374999999
571,10.0,0.0,0.0,530.071050946276,567.9204500000001,556.1597374999999
572,0.0,0.0,10.0,530.071050946276,567.9204500000001,556.1597374999999
573,10.0,0.0,0.0,530.071050946276,567.9204500000001,556.1597374999999
574,0.0,0.0,6.570656114718645,530.071050946276,573.2771833333339,552.7303936147185
575,10.0,0.0,0.0,530.071050946276,573.2771833333339,552.7303936147185
576,0.0,0.0,59.12050717893237,530.071050946276,569.7840833333341,601.8509007936509
577,10.0,0.0,0.0,530.071050946276,569.7840833333341,601.8509007936509
578,0.0,10.0,0.0,530.071050946276,569.7840833333341,601.8509007936509
579,10.0,0.0,0.0,530.071050946276,569.7840833333341,601.8509007936509
580,0.0,10.0,0.0,530.071050946276,569.7840833333341,601.8509007936509
581,10.0,0.0,0.0,530.071050946276,569.7840833333341,601.8509007936509
582,0.0,10.0,0.0,530.071050946276,569.7840833333341,601.8509007936509
583,10.0,0.0,0.0,530.071050946276,569.7840833333341,601.8509007936509
584,0.0,10.0,0.0,530.071050946276,569.7840833333341,601.8509007936509
585,10.0,0.0,0.0,530.071050946276,569.7840833333341,601.8509007936509
586,10.0,0.0,0.0,530.071050946276,569.7840833333341,601.8509007936509
587,0.0,10.0,0.0,530.071050946276,569.7840833333341,601.8509007936509
588,10.0,0.0,0.0,530.071050946276,569.7840833333341,601.8509007936509
589,0.0,10.0,0.0,530.071050946276,569.7840833333341,601.8509007936509
590,10.0,0.0,0.0,530.071050946276,569.7840833333341,601.8509007936509
591,0.0,10.0,0.0,530.071050946276,569.7840833333341,601.8509007936509
592,10.0,0.0,0.0,530.071050946276,569.7840833333341,601.8509007936509
593,0.0,10.0,0.0,530.071050946276,569.7840833333341,601.8509007936509
594,10.0,0.0,0.0,530.071050946276,569.7840833333341,601.8509007936509
595,0.0,10.0,0.0,530.071050946276,569.7840833333341,601.8509007936509
596,10.0,0.0,0.0,530.071050946276,569.7840833333341,601.8509007936509
597,10.0,0.0,0.0,530.071050946276,569.7840833333341,601.8509007936509
598,0.0,10.0,0.0,530.071050946276,569.7840833333341,601.8509007936509
599,10.0,0.0,0.0,530.071050946276,569.7840833333341,601.8509007936509
600,0.0,10.0,0.0,530.071050946276,569.7840833333341,601.8509007936509
601,10.0,0.0,0.0,530.071050946276,569.7840833333341,601.8509007936509
602,0.0,10.0,0.0,530.071050946276,569.7840833333341,601.8509007936509
603,10.0,0.0,0.0,530.071050946276,569.7840833333341,601.8509007936509
604,0.0,10.0,0.0,530.071050946276,569.7840833333341,601.8509007936509
605,10.0,0.0,0.0,530.071050946276,569.7840833333341,601.8509007936509
606,0.0,10.0,0.0,530.071050946276,569.7840833333341,601.8509007936509
607,0.0,10.0,0.0,530.071050946276,569.7840833333341,601.8509007936509
608,10.0,0.0,0.0,530.071050946276,569.7840833333341,601.8509007936509
609,0.0,10.0,0.0,530.071050946276,569.7840833333341,601.8509007936509
610,10.0,0.0,0.0,530.071050946276,569.7840833333341,601.8509007936509
611,0.0,10.0,0.0,530.071050946276,569.7840833333341,601.8509007936509
612,10.0,0.0,0.0,530.071050946276,569.7840833333341,601.8509007936509
613,0.0,10.0,0.0,530.071050946276,569.7840833333341,601.8509007936509
614,10.0,0.0,0.0,530.071050946276,569.7840833333341,601.8509007936509
615,10.0,0.0,0.0,530.071050946276,569.7840833333341,601.8509007936509
616,0.0,10.0,0.0,530.071050946276,569.7840833333341,601.8509007936509
617,0.0,10.0,0.0,530.071050946276,569.7840833333341,601.8509007936509
618,10.0,0.0,0.0,530.071050946276,569.7840833333341,601.8509007936509
619,0.0,10.0,0.0,530.071050946276,569.7840833333341,601.8509007936509
620,10.0,0.0,0.0,530.071050946276,569.7840833333341,601.8509007936509
621,0.0,10.0,0.0,530.071050946276,569.7840833333341,601.8509007936509
622,0.0,10.0,0.0,530.071050946276,569.7840833333341,601.8509007936509
623,0.0,10.0,0.0,530.071050946276,569.7840833333341,601.8509007936509
624,10.0,0.0,0.0,530.071050946276,569.7840833333341,601.8509007936509
625,0.0,10.0,0.0,530.071050946276,569.7840833333341,601.8509007936509
626,10.0,0.0,0.0,530.071050946276,569.7840833333341,601.8509007936509
627,0.0,10.0,0.0,530.071050946276,569.7840833333341,601.8509007936509
628,10.0,0.0,0.0,530.071050946276,598.565202380953,601.8509007936509
629,0.0,10.0,0.0,530.071050946276,598.565202380953,601.8509007936509
630,10.0,0.0,0.0,530.071050946276,598.565202380953,601.8509007936509
631,0.0,10.0,0.0,530.071050946276,598.565202380953,601.8509007936509
632,10.0,0.0,0.0,530.071050946276,598.565202380953,601.8509007936509
633,0.0,10.0,0.0,530.071050946276,598.565202380953,601.8509007936509
634,10.0,0.0,0.0,530.071050946276,598.565202380953,601.8509007936509
635,0.0,10.0,0.0,530.071050946276,598.565202380953,601.8509007936509
636,10.0,0.0,0.0,530.071050946276,598.565202380953,601.8509007936509
637,0.0,10.0,0.0,530.071050946276,598.565202380953,601.8509007936509
638,14.471690467864846,0.0,0.0,534.5427414141409,475.91971111111116,601.8509007936509
639,0.0,10.0,0.0,534.5427414141409,475.91971111111116,601.8509007936509
640,0.0,10.0,0.0,534.5427414141409,475.91971111111116,601.8509007936509
641,0.0,10.0,0.0,534.5427414141409,475.91971111111116,601.8509007936509
642,0.0,10.0,0.0,534.5427414141409,475.91971111111116,601.8509007936509
643,0.0,10.0,0.0,534.5427414141409,475.91971111111116,601.8509007936509
644,0.0,10.0,0.0,534.5427414141409,475.91971111111116,601.8509007936509
645,0.0,10.0,0.0,534.5427414141409,475.91971111111116,601.8509007936509
646,0.0,22.74505019841223,0.0,534.5427414141409,488.6647613095234,552.7303936147185
647,0.0,10.0,0.0,534.5427414141409,488.6647613095234,552.7303936147185
648,0.0,10.0,0.0,534.5427414141409,488.6647613095234,552.7303936147185
649,0.0,10.0,0.0,534.5427414141409,488.6647613095234,552.7303936147185
650,0.0,10.0,0.0,534.5427414141409,488.6647613095234,552.7303936147185
651,0.0,10.0,0.0,534.5427414141409,488.6647613095234,552.7303936147185
652,0.0,10.0,0.0,534.5427414141409,488.6647613095234,552.7303936147185
653,0.0,10.0,0.0,534.5427414141409,488.6647613095234,552.7303936147185
654,0.0,10.0,0.0,534.5427414141409,488.6647613095234,552.7303936147185
655,0.0,10.0,0.0,534.5427414141409,488.6647613095234,552.7303936147185
656,0.0,43.831770220057535,0.0,534.5427414141409,522.4965315295809,556.1597374999999
657,0.0,10.0,0.0,534.5427414141409,522.4965315295809,556.1597374999999
658,0.0,10.0,0.0,534.5427414141409,522.4965315295809,556.1597374999999
659,0.0,10.0,0.0,534.5427414141409,522.4965315295809,556.1597374999999
660,0.0,-30.312076984126634,0.0,534.5427414141409,482.1844545454543,540.6049332268221
661,0.0,10.0,0.0,534.5427414141409,482.1844545454543,540.6049332268221
662,0.0,10.0,0.0,534.5427414141409,482.1844545454543,540.6049332268221
663,0.0,13.629938311688534,0.0,534.5427414141409,485.8143928571428,509.5501307880672
664,0.0,10.0,0.0,534.5427414141409,485.8143928571428,509.5501307880672
665,0.0,0.0,10.0,534.5427414141409,485.8143928571428,509.5501307880672
666,0.0,10.0,0.0,534.5427414141409,485.8143928571428,509.5501307880672
667,0.0,0.0,10.0,534.5427414141409,485.8143928571428,509.5501307880672
668,0.0,10.0,0.0,534.5427414141409,485.8143928571428,509.5501307880672
669,0.0,10.0,0.0,534.5427414141409,485.8143928571428,509.5501307880672
670,0.0,10.0,0.0,534.5427414141409,485.8143928571428,509.5501307880672
671,0.0,10.0,0.0,534.5427414141409,485.8143928571428,509.5501307880672
672,0.0,10.0,0.0,534.5427414141409,485.8143928571428,509.5501307880672
673,0.0,10.0,0.0,534.5427414141409,485.8143928571428,509.5501307880672
674,0.0,10.0,0.0,534.5427414141409,485.8143928571428,509.5501307880672
675,0.0,10.0,0.0,534.5427414141409,485.8143928571428,509.5501307880672
676,0.0,31.56219603174651,0.0,549.5567394300141,507.37658888888933,509.5501307880672
677,0.0,10.0,0.0,549.5567394300141,507.37658888888933,509.5501307880672
678,0.0,10.0,0.0,549.5567394300141,507.37658888888933,509.5501307880672
679,0.0,10.0,0.0,549.5567394300141,507.37658888888933,509.5501307880672
680,0.0,10.0,0.0,549.5567394300141,507.37658888888933,509.5501307880672
681,0.0,97.11786349206369,0.0,549.5567394300141,594.494452380953,493.3065194721946
682,0.0,0.0,10.0,549.5567394300141,594.494452380953,493.3065194721946
683,0.0,0.0,10.0,549.5567394300141,594.494452380953,493.3065194721946
684,10.0,0.0,0.0,549.5567394300141,594.494452380953,493.3065194721946
685,0.0,0.0,10.0,549.5567394300141,594.494452380953,493.3065194721946
686,10.0,0.0,0.0,549.5567394300141,594.494452380953,493.3065194721946
687,10.0,0.0,0.0,549.5567394300141,594.494452380953,493.3065194721946
688,0.0,0.0,10.0,549.5567394300141,594.494452380953,493.3065194721946
689,10.0,0.0,0.0,549.5567394300141,594.494452380953,493.3065194721946
690,0.0,0.0,10.0,549.5567394300141,594.494452380953,493.3065194721946
691,10.0,0.0,0.0,549.5567394300141,594.494452380953,493.3065194721946
692,0.0,0.0,10.0,549.5567394300141,594.494452380953,493.3065194721946
693,10.0,0.0,0.0,549.5567394300141,594.494452380953,493.3065194721946
694,0.0,0.0,10.0,549.5567394300141,594.494452380953,493.3065194721946
695,10.0,0.0,0.0,549.5567394300141,594.494452380953,493.3065194721946
696,0.0,0.0,10.0,549.5567394300141,594.494452380953,493.3065194721946
697,10.0,0.0,0.0,549.5567394300141,594.494452380953,493.3065194721946
698,0.0,0.0,10.0,549.5567394300141,594.494452380953,493.3065194721946
699,10.0,0.0,0.0,549.5567394300141,594.494452380953,493.3065194721946
700,0.0,0.0,10.0,549.5567394300141,594.494452380953,493.3065194721946
701,10.0,0.0,0.0,549.5567394300141,594.494452380953,493.3065194721946
702,0.0,0.0,10.0,549.5567394300141,594.494452380953,493.3065194721946
703,10.0,0.0,0.0,549.5567394300141,594.494452380953,493.3065194721946
704,0.0,0.0,10.0,549.5567394300141,594.494452380953,493.3065194721946
705,10.0,0.0,0.0,549.5567394300141,594.494452380953,493.3065194721946
706,0.0,0.0,10.0,549.5567394300141,594.494452380953,493.3065194721946
707,10.0,0.0,0.0,549.5567394300141,594.494452380953,493.3065194721946
708,0.0,0.0,10.0,549.5567394300141,594.494452380953,493.3065194721946
709,10.0,0.0,0.0,549.5567394300141,594.494452380953,493.3065194721946
710,10.0,0.0,0.0,549.5567394300141,594.494452380953,493.3065194721946
711,0.0,0.0,10.0,549.5567394300141,594.494452380953,493.3065194721946
712,10.0,0.0,0.0,549.5567394300141,594.494452380953,493.3065194721946
713,0.0,0.0,10.0,549.5567394300141,594.494452380953,493.3065194721946
714,10.0,0.0,0.0,549.5567394300141,594.494452380953,493.3065194721946
715,0.0,0.0,10.0,549.5567394300141,594.494452380953,493.3065194721946
716,0.0,0.0,10.0,549.5567394300141,594.494452380953,493.3065194721946
717,10.0,0.0,0.0,549.5567394300141,594.494452380953,493.3065194721946
718,0.0,0.0,51.157154337329075,549.5567394300141,508.54958888888933,534.4636738095237
719,0.0,10.0,0.0,549.5567394300141,508.54958888888933,534.4636738095237
720,0.0,10.0,0.0,549.5567394300141,508.54958888888933,534.4636738095237
721,0.0,10.0,0.0,549.5567394300141,508.54958888888933,534.4636738095237
722,0.0,10.0,0.0,549.5567394300141,508.54958888888933,534.4636738095237
723,0.0,10.0,0.0,549.5567394300141,508.54958888888933,534.4636738095237
724,0.0,10.0,0.0,549.5567394300141,508.54958888888933,534.4636738095237
725,0.0,10.0,0.0,549.5567394300141,508.54958888888933,534.4636738095237
726,0.0,10.0,0.0,549.5567394300141,508.54958888888933,534.4636738095237
727,0.0,10.0,0.0,549.5567394300141,508.54958888888933,534.4636738095237
728,0.0,10.0,0.0,549.5567394300141,508.54958888888933,534.4636738095237
729,0.0,10.0,0.0,549.5567394300141,508.54958888888933,534.4636738095237
730,0.0,10.0,0.0,549.5567394300141,508.54958888888933,534.4636738095237
731,0.0,10.0,0.0,549.5567394300141,508.54958888888933,534.4636738095237
732,0.0,10.0,0.0,549.5567394300141,508.54958888888933,534.4636738095237
733,0.0,10.0,0.0,549.5567394300141,508.54958888888933,534.4636738095237
734,0.0,10.0,0.0,549.5567394300141,508.54958888888933,534.4636738095237
735,0.0,10.0,0.0,549.5567394300141,508.54958888888933,534.4636738095237
736,0.0,10.0,0.0,549.5567394300141,508.54958888888933,534.4636738095237
737,0.0,10.0,0.0,549.5567394300141,508.54958888888933,534.4636738095237
738,0.0,10.0,0.0,549.5567394300141,508.54958888888933,534.4636738095237
739,0.0,10.0,0.0,549.5567394300141,508.54958888888933,534.4636738095237
740,0.0,10.0,0.0,549.5567394300141,508.54958888888933,534.4636738095237
741,0.0,10.0,0.0,549.5567394300141,508.54958888888933,534.4636738095237
742,0.0,10.0,0.0,549.5567394300141,508.54958888888933,534.4636738095237
743,0.0,10.0,0.0,549.5567394300141,508.54958888888933,534.4636738095237
744,0.0,10.0,0.0,549.5567394300141,508.54958888888933,534.4636738095237
745,0.0,10.0,0.0,549.5567394300141,508.54958888888933,534.4636738095237
746,0.0,10.0,0.0,549.5567394300141,508.54958888888933,534.4636738095237
747,0.0,10.0,0.0,549.5567394300141,508.54958888888933,534.4636738095237
748,0.0,10.0,0.0,549.5567394300141,508.54958888888933,534.4636738095237
749,0.0,10.0,0.0,549.5567394300141,508.54958888888933,534.4636738095237
750,0.0,95.94486349206369,0.0,549.5567394300141,594.494452380953,493.3065194721946
751,0.0,0.0,10.0,549.5567394300141,594.494452380953,493.3065194721946
752,10.0,0.0,0.0,549.5567394300141,594.494452380953,493.3065194721946
753,0.0,0.0,10.0,549.5567394300141,594.494452380953,493.3065194721946
754,10.0,0.0,0.0,549.5567394300141,594.494452380953,493.3065194721946
755,0.0,0.0,10.0,549.5567394300141,594.494452380953,493.3065194721946
756,10.0,0.0,0.0,549.5567394300141,594.494452380953,493.3065194721946
757,0.0,0.0,10.0,549.5567394300141,594.494452380953,493.3065194721946
758,10.0,0.0,0.0,549.5567394300141,594.494452380953,493.3065194721946
759,0.0,0.0,10.0,549.5567394300141,594.494452380953,493.3065194721946
760,10.0,0.0,0.0,549.5567394300141,594.494452380953,493.3065194721946
761,0.0,0.0,10.0,549.5567394300141,594.494452380953,493.3065194721946
762,10.0,0.0,0.0,549.5567394300141,594.494452380953,493.3065194721946
763,0.0,0.0,10.0,549.5567394300141,594.494452380953,493.3065194721946
764,10.0,0.0,0.0,549.5567394300141,594.494452380953,493.3065194721946
765,0.0,0.0,10.0,549.5567394300141,594.494452380953,493.3065194721946
766,10.0,0.0,0.0,549.5567394300141,594.494452380953,493.3065194721946
767,0.0,0.0,10.0,549.5567394300141,594.494452380953,493.3065194721946
768,10.0,0.0,0.0,549.5567394300141,594.494452380953,493.3065194721946
769,0.0,0.0,10.0,549.5567394300141,594.494452380953,493.3065194721946
770,0.0,0.0,51.157154337329075,549.5567394300141,508.54958888888933,534.4636738095237
771,0.0,10.0,0.0,549.5567394300141,508.54958888888933,534.4636738095237
772,0.0,0.0,10.0,549.5567394300141,508.54958888888933,534.4636738095237
773,0.0,10.0,0.0,549.5567394300141,508.54958888888933,534.4636738095237
774,0.0,95.94486349206369,0.0,549.5567394300141,594.494452380953,493.3065194721946
775,0.0,0.0,10.0,549.5567394300141,594.494452380953,493.3065194721946
776,10.0,0.0,0.0,549.5567394300141,594.494452380953,493.3065194721946
777,0.0,0.0,10.0,549.5567394300141,594.494452380953,493.3065194721946
778,0.0,0.0,10.0,549.5567394300141,594.494452380953,493.3065194721946
779,10.0,0.0,0.0,549.5567394300141,594.494452380953,493.3065194721946
780,0.0,0.0,10.0,549.5567394300141,594.494452380953,493.3065194721946
781,10.0,0.0,0.0,549.5567394300141,594.494452380953,493.3065194721946
782,0.0,0.0,51.157154337329075,549.5567394300141,508.54958888888933,534.4636738095237
783,0.0,10.0,0.0,549.5567394300141,508.54958888888933,534.4636738095237
784,0.0,10.0,0.0,549.5567394300141,508.54958888888933,534.4636738095237
785,0.0,10.0,0.0,549.5567394300141,508.54958888888933,534.4636738095237
786,0.0,10.0,0.0,549.5567394300141,508.54958888888933,534.4636738095237
787,0.0,10.0,0.0,549.5567394300141,508.54958888888933,534.4636738095237
788,0.0,10.0,0.0,549.5567394300141,508.54958888888933,534.4636738095237
789,0.0,10.0,0.0,549.5567394300141,508.54958888888933,534.4636738095237
790,0.0,10.0,0.0,549.5567394300141,508.54958888888933,534.4636738095237
791,0.0,10.0,0.0,549.5567394300141,508.54958888888933,534.4636738095237
792,0.0,10.0,0.0,549.5567394300141,508.54958888888933,534.4636738095237
793,0.0,10.0,0.0,549.5567394300141,508.54958888888933,534.4636738095237
794,0.0,10.0,0.0,549.5567394300141,508.54958888888933,534.4636738095237
795,0.0,10.0,0.0,549.5567394300141,508.54958888888933,534.4636738095237
796,0.0,10.0,0.0,549.5567394300141,508.54958888888933,534.4636738095237
797,0.0,0.0,10.0,549.5567394300141,508.54958888888933,534.4636738095237
798,0.0,10.0,0.0,549.5567394300141,508.54958888888933,534.4636738095237
799,0.0,0.0,10.0,549.5567394300141,508.54958888888933,534.4636738095237
800,0.0,10.0,0.0,549.5567394300141,508.54958888888933,534.4636738095237
801,0.0,10.0,0.0,549.5567394300141,508.54958888888933,534.4636738095237
802,0.0,10.0,0.0,549.5567394300141,508.54958888888933,534.4636738095237
803,0.0,10.0,0.0,549.5567394300141,508.54958888888933,534.4636738095237
804,0.0,10.0,0.0,549.5567394300141,508.54958888888933,534.4636738095237
805,0.0,10.0,0.0,549.5567394300141,508.54958888888933,534.4636738095237
806,0.0,10.0,0.0,549.5567394300141,508.54958888888933,534.4636738095237
807,0.0,10.0,0.0,549.5567394300141,508.54958888888933,534.4636738095237
808,0.0,10.0,0.0,549.5567394300141,508.54958888888933,534.4636738095237
809,0.0,10.0,0.0,549.5567394300141,508.54958888888933,534.4636738095237
810,0.0,10.0,0.0,549.5567394300141,508.54958888888933,534.4636738095237
811,0.0,10.0,0.0,549.5567394300141,508.54958888888933,534.4636738095237
812,0.0,10.0,0.0,549.5567394300141,508.54958888888933,534.4636738095237
813,0.0,10.0,0.0,549.5567394300141,508.54958888888933,534.4636738095237
814,0.0,10.0,0.0,549.5567394300141,508.54958888888933,534.4636738095237
815,0.0,10.0,0.0,549.5567394300141,508.54958888888933,534.4636738095237
816,0.0,10.0,0.0,549.5567394300141,508.54958888888933,534.4636738095237
817,0.0,10.0,0.0,549.5567394300141,508.54958888888933,534.4636738095237
818,0.0,10.0,0.0,549.5567394300141,508.54958888888933,534.4636738095237
819,0.0,10.0,0.0,549.5567394300141,508.54958888888933,534.4636738095237
820,0.0,10.0,0.0,549.5567394300141,508.54958888888933,534.4636738095237
821,0.0,10.0,0.0,549.5567394300141,508.54958888888933,534.4636738095237
822,0.0,10.0,0.0,549.5567394300141,508.54958888888933,534.4636738095237
823,0.0,95.94486349206369,0.0,549.5567394300141,594.494452380953,493.3065194721946
824,0.0,0.0,10.0,549.5567394300141,594.494452380953,493.3065194721946
825,10.0,0.0,0.0,549.5567394300141,594.494452380953,493.3065194721946
826,0.0,0.0,10.0,549.5567394300141,594.494452380953,493.3065194721946
827,10.0,0.0,0.0,549.5567394300141,594.494452380953,493.3065194721946
828,0.0,0.0,10.0,549.5567394300141,594.494452380953,493.3065194721946
829,10.0,0.0,0.0,549.5567394300141,594.494452380953,493.3065194721946
830,0.0,0.0,10.0,549.5567394300141,594.494452380953,493.3065194721946
831,10.0,0.0,0.0,549.5567394300141,594.494452380953,493.3065194721946
832,10.0,0.0,0.0,549.5567394300141,594.494452380953,493.3065194721946
833,0.0,0.0,10.0,549.5567394300141,594.494452380953,493.3065194721946
834,10.0,0.0,0.0,549.5567394300141,594.494452380953,493.3065194721946
835,0.0,0.0,10.0,549.5567394300141,594.494452380953,493.3065194721946
836,10.0,0.0,0.0,549.5567394300141,594.494452380953,493.3065194721946
837,0.0,0.0,10.0,549.5567394300141,594.494452380953,493.3065194721946
838,10.0,0.0,0.0,549.5567394300141,594.494452380953,493.3065194721946
839,0.0,0.0,10.0,549.5567394300141,594.494452380953,493.3065194721946
840,10.0,0.0,0.0,549.5567394300141,594.494452380953,493.3065194721946
841,0.0,0.0,10.0,549.5567394300141,594.494452380953,493.3065194721946
842,10.0,0.0,0.0,549.5567394300141,594.494452380953,493.3065194721946
843,0.0,0.0,10.0,549.5567394300141,594.494452380953,493.3065194721946
844,10.0,0.0,0.0,549.5567394300141,594.494452380953,493.3065194721946
845,0.0,0.0,10.0,549.5567394300141,594.494452380953,493.3065194721946
846,10.0,0.0,0.0,549.5567394300141,594.494452380953,493.3065194721946
847,0.0,0.0,10.0,549.5567394300141,594.494452380953,493.3065194721946
848,0.0,0.0,10.0,549.5567394300141,594.494452380953,493.3065194721946
849,10.0,0.0,0.0,549.5567394300141,594.494452380953,493.3065194721946
850,0.0,0.0,10.0,549.5567394300141,594.494452380953,493.3065194721946
851,10.0,0.0,0.0,549.5567394300141,594.494452380953,493.3065194721946
852,0.0,0.0,10.0,549.5567394300141,594.494452380953,493.3065194721946
853,10.0,0.0,0.0,549.5567394300141,594.494452380953,493.3065194721946
854,0.0,0.0,10.0,549.5567394300141,594.494452380953,493.3065194721946
855,10.0,0.0,0.0,549.5567394300141,594.494452380953,493.3065194721946
856,0.0,0.0,10.0,549.5567394300141,594.494452380953,493.3065194721946
857,10.0,0.0,0.0,549.5567394300141,594.494452380953,493.3065194721946
858,0.0,0.0,10.0,549.5567394300141,594.494452380953,493.3065194721946
859,10.0,0.0,0.0,549.5567394300141,594.494452380953,493.3065194721946
860,0.0,0.0,10.0,549.5567394300141,594.494452380953,493.3065194721946
861,10.0,0.0,0.0,549.5567394300141,594.494452380953,493.3065194721946
862,0.0,0.0,10.0,549.5567394300141,594.494452380953,493.3065194721946
863,10.0,0.0,0.0,549.5567394300141,594.494452380953,493.3065194721946
864,0.0,0.0,51.157154337329075,549.5567394300141,508.54958888888933,534.4636738095237
865,0.0,10.0,0.0,549.5567394300141,508.54958888888933,534.4636738095237
866,0.0,10.0,0.0,549.5567394300141,508.54958888888933,534.4636738095237
867,0.0,10.0,0.0,549.5567394300141,508.54958888888933,534.4636738095237
868,0.0,10.0,0.0,549.5567394300141,508.54958888888933,534.4636738095237
869,0.0,10.0,0.0,549.5567394300141,508.54958888888933,534.4636738095237
870,0.0,10.0,0.0,549.5567394300141,508.54958888888933,534.4636738095237
871,0.0,10.0,0.0,549.5567394300141,508.54958888888933,534.4636738095237
872,0.0,10.0,0.0,549.5567394300141,508.54958888888933,534.4636738095237
873,0.0,10.0,0.0,549.5567394300141,508.54958888888933,534.4636738095237
874,0.0,10.0,0.0,549.5567394300141,508.54958888888933,534.4636738095237
875,0.0,10.0,0.0,549.5567394300141,508.54958888888933,534.4636738095237
876,0.0,10.0,0.0,549.5567394300141,508.54958888888933,534.4636738095237
877,0.0,10.0,0.0,549.5567394300141,508.54958888888933,534.4636738095237
878,0.0,10.0,0.0,549.5567394300141,508.54958888888933,534.4636738095237
879,0.0,10.0,0.0,549.5567394300141,508.54958888888933,534.4636738095237
880,0.0,10.0,0.0,549.5567394300141,508.54958888888933,534.4636738095237
881,0.0,10.0,0.0,549.5567394300141,508.54958888888933,534.4636738095237
882,0.0,10.0,0.0,549.5567394300141,508.54958888888933,534.4636738095237
883,0.0,10.0,0.0,549.5567394300141,508.54958888888933,534.4636738095237
884,0.0,10.0,0.0,549.5567394300141,508.54958888888933,534.4636738095237
885,0.0,10.0,0.0,549.5567394300141,508.54958888888933,534.4636738095237
886,0.0,10.0,0.0,549.5567394300141,508.54958888888933,534.4636738095237
887,0.0,10.0,0.0,549.5567394300141,508.54958888888933,534.4636738095237
888,0.0,10.0,0.0,549.5567394300141,508.54958888888933,534.4636738095237
889,0.0,10.0,0.0,549.5567394300141,508.54958888888933,534.4636738095237
890,0.0,10.0,0.0,549.5567394300141,508.54958888888933,534.4636738095237
891,0.0,10.0,0.0,549.5567394300141,508.54958888888933,534.4636738095237
892,0.0,10.0,0.0,549.5567394300141,508.54958888888933,534.4636738095237
893,0.0,10.0,0.0,549.5567394300141,508.54958888888933,534.4636738095237
894,0.0,10.0,0.0,549.5567394300141,508.54958888888933,534.4636738095237
895,0.0,10.0,0.0,549.5567394300141,508.54958888888933,534.4636738095237
896,0.0,10.0,0.0,549.5567394300141,508.54958888888933,534.4636738095237
897,0.0,10.0,0.0,549.5567394300141,508.54958888888933,534.4636738095237
898,0.0,10.0,0.0,549.5567394300141,508.54958888888933,534.4636738095237
899,0.0,10.0,0.0,549.5567394300141,508.54958888888933,534.4636738095237
900,0.0,10.0,0.0,549.5567394300141,508.54958888888933,534.4636738095237
901,0.0,10.0,0.0,549.5567394300141,508.54958888888933,534.4636738095237
902,0.0,10.0,0.0,549.5567394300141,508.54958888888933,534.4636738095237
903,0.0,10.0,0.0,549.5567394300141,508.54958888888933,534.4636738095237
904,0.0,10.0,0.0,549.5567394300141,508.54958888888933,534.4636738095237
905,0.0,10.0,0.0,549.5567394300141,508.54958888888933,534.4636738095237
906,0.0,10.0,0.0,549.5567394300141,508.54958888888933,534.4636738095237
907,0.0,10.0,0.0,549.5567394300141,508.54958888888933,534.4636738095237
908,0.0,10.0,0.0,549.5567394300141,508.54958888888933,534.4636738095237
909,0.0,10.0,0.0,549.5567394300141,508.54958888888933,534.4636738095237
910,0.0,10.0,0.0,549.5567394300141,508.54958888888933,534.4636738095237
911,0.0,10.0,0.0,549.5567394300141,508.54958888888933,534.4636738095237
912,0.0,10.0,0.0,549.5567394300141,508.54958888888933,534.4636738095237
913,0.0,10.0,0.0,549.5567394300141,508.54958888888933,534.4636738095237
914,0.0,10.0,0.0,549.5567394300141,508.54958888888933,534.4636738095237
915,0.0,10.0,0.0,549.5567394300141,508.54958888888933,534.4636738095237
916,0.0,10.0,0.0,549.5567394300141,508.54958888888933,534.4636738095237
917,0.0,10.0,0.0,549.5567394300141,508.54958888888933,534.4636738095237
918,0.0,10.0,0.0,549.5567394300141,508.54958888888933,534.4636738095237
919,0.0,10.0,0.0,549.5567394300141,508.54958888888933,534.4636738095237
920,0.0,10.0,0.0,549.5567394300141,508.54958888888933,534.4636738095237
921,0.0,10.0,0.0,549.5567394300141,508.54958888888933,534.4636738095237
922,0.0,10.0,0.0,549.5567394300141,508.54958888888933,534.4636738095237
923,0.0,10.0,0.0,549.5567394300141,508.54958888888933,534.4636738095237
924,0.0,10.0,0.0,549.5567394300141,508.54958888888933,534.4636738095237
925,0.0,10.0,0.0,549.5567394300141,508.54958888888933,534.4636738095237
926,0.0,10.0,0.0,549.5567394300141,508.54958888888933,534.4636738095237
927,0.0,10.0,0.0,549.5567394300141,508.54958888888933,534.4636738095237
928,0.0,10.0,0.0,549.5567394300141,508.54958888888933,534.4636738095237
929,0.0,10.0,0.0,549.5567394300141,508.54958888888933,534.4636738095237
930,0.0,10.0,0.0,549.5567394300141,508.54958888888933,534.4636738095237
931,0.0,10.0,0.0,549.5567394300141,508.54958888888933,534.4636738095237
932,0.0,10.0,0.0,549.5567394300141,508.54958888888933,534.4636738095237
933,0.0,10.0,0.0,549.5567394300141,508.54958888888933,534.4636738095237
934,0.0,10.0,0.0,549.5567394300141,508.54958888888933,534.4636738095237
935,0.0,10.0,0.0,549.5567394300141,508.54958888888933,534.4636738095237
936,0.0,10.0,0.0,549.5567394300141,508.54958888888933,534.4636738095237
937,0.0,10.0,0.0,549.5567394300141,508.54958888888933,534.4636738095237
938,0.0,10.0,0.0,549.5567394300141,508.54958888888933,534.4636738095237
939,0.0,10.0,0.0,549.5567394300141,508.54958888888933,534.4636738095237
940,0.0,10.0,0.0,549.5567394300141,508.54958888888933,534.4636738095237
941,0.0,71.2344944444448,0.0,549.5567394300141,569.7840833333341,560.0321309523807
942,0.0,0.0,10.0,549.5567394300141,569.7840833333341,560.0321309523807
943,10.0,0.0,0.0,549.5567394300141,569.7840833333341,560.0321309523807
944,0.0,0.0,10.0,549.5567394300141,569.7840833333341,560.0321309523807
945,10.0,0.0,0.0,549.5567394300141,569.7840833333341,560.0321309523807
946,0.0,0.0,10.0,549.5567394300141,569.7840833333341,560.0321309523807
947,10.0,0.0,0.0,549.5567394300141,569.7840833333341,560.0321309523807
948,0.0,0.0,10.0,549.5567394300141,569.7840833333341,560.0321309523807
949,10.0,0.0,0.0,549.5567394300141,569.7840833333341,560.0321309523807
950,0.0,0.0,10.0,549.5567394300141,569.7840833333341,560.0321309523807
951,10.0,0.0,0.0,549.5567394300141,569.7840833333341,560.0321309523807
952,0.0,0.0,10.0,549.5567394300141,569.7840833333341,560.0321309523807
953,10.0,0.0,0.0,549.5567394300141,569.7840833333341,560.0321309523807
954,0.0,0.0,10.0,549.5567394300141,569.7840833333341,560.0321309523807
955,10.0,0.0,0.0,549.5567394300141,569.7840833333341,560.0321309523807
956,0.0,0.0,10.0,549.5567394300141,569.7840833333341,560.0321309523807
957,10.0,0.0,0.0,549.5567394300141,569.7840833333341,560.0321309523807
958,0.0,0.0,10.0,549.5567394300141,569.7840833333341,560.0321309523807
959,10.0,0.0,0.0,549.5567394300141,569.7840833333341,560.0321309523807
960,0.0,0.0,10.0,549.5567394300141,569.7840833333341,560.0321309523807
961,10.0,0.0,0.0,549.5567394300141,569.7840833333341,560.0321309523807
962,0.0,0.0,10.0,549.5567394300141,569.7840833333341,560.0321309523807
963,10.0,0.0,0.0,549.5567394300141,569.7840833333341,560.0321309523807
964,0.0,0.0,10.0,549.5567394300141,569.7840833333341,560.0321309523807
965,10.0,0.0,0.0,549.5567394300141,569.7840833333341,560.0321309523807
966,0.0,0.0,10.0,549.5567394300141,569.7840833333341,560.0321309523807
967,10.0,0.0,0.0,549.5567394300141,569.7840833333341,560.0321309523807
968,0.0,0.0,10.0,549.5567394300141,569.7840833333341,560.0321309523807
969,10.0,0.0,0.0,549.5567394300141,569.7840833333341,560.0321309523807
970,0.0,0.0,10.0,549.5567394300141,569.7840833333341,560.0321309523807
971,10.0,0.0,0.0,549.5567394300141,569.7840833333341,560.0321309523807
972,0.0,0.0,10.0,549.5567394300141,569.7840833333341,560.0321309523807
973,0.0,0.0,10.0,549.5567394300141,569.7840833333341,560.0321309523807
974,10.0,0.0,0.0,549.5567394300141,569.7840833333341,560.0321309523807
975,0.0,0.0,10.0,549.5567394300141,569.7840833333341,560.0321309523807
976,10.0,0.0,0.0,549.5567394300141,569.7840833333341,560.0321309523807
977,10.0,0.0,0.0,549.5567394300141,569.7840833333341,560.0321309523807
978,0.0,0.0,10.0,549.5567394300141,569.7840833333341,560.0321309523807
979,10.0,0.0,0.0,549.5567394300141,569.7840833333341,560.0321309523807
980,0.0,0.0,10.0,549.5567394300141,569.7840833333341,560.0321309523807
981,10.0,0.0,0.0,549.5567394300141,569.7840833333341,560.0321309523807
982,0.0,0.0,10.0,549.5567394300141,569.7840833333341,560.0321309523807
983,0.0,0.0,10.0,549.5567394300141,569.7840833333341,560.0321309523807
984,10.0,0.0,0.0,549.5567394300141,569.7840833333341,560.0321309523807
985,0.0,0.0,10.0,549.5567394300141,569.7840833333341,560.0321309523807
986,10.0,0.0,0.0,549.5567394300141,569.7840833333341,560.0321309523807
987,0.0,0.0,10.0,549.5567394300141,569.7840833333341,560.0321309523807
988,10.0,0.0,0.0,549.5567394300141,569.7840833333341,560.0321309523807
989,0.0,0.0,10.0,549.5567394300141,569.7840833333341,560.0321309523807
990,10.0,0.0,0.0,549.5567394300141,569.7840833333341,560.0321309523807
991,0.0,0.0,10.0,549.5567394300141,569.7840833333341,560.0321309523807
992,10.0,0.0,0.0,549.5567394300141,569.7840833333341,560.0321309523807
993,0.0,0.0,10.0,549.5567394300141,569.7840833333341,560.0321309523807
994,10.0,0.0,0.0,549.5567394300141,569.7840833333341,560.0321309523807
995,0.0,0.0,10.0,549.5567394300141,569.7840833333341,560.0321309523807
996,10.0,0.0,0.0,549.5567394300141,569.7840833333341,560.0321309523807
997,0.0,0.0,0.9335273809524551,549.5567394300141,597.6825357142864,550.9656583333332
998,10.0,0.0,0.0,549.5567394300141,597.6825357142864,550.9656583333332
999,0.0,0.0,10.0,549.5567394300141,597.6825357142864,550.9656583333332
1000,10.0,0.0,0.0,549.5567394300141,597.6825357142864,550.9656583333332
1001,0.0,0.0,10.0,549.5567394300141,597.6825357142864,550.9656583333332
1002,10.0,0.0,0.0,549.5567394300141,597.6825357142864,550.9656583333332
1003,0.0,0.0,5.05595632700647,549.5567394300141,516.340855555556,546.0216146603397
1004,0.0,10.0,0.0,549.5567394300141,516.340855555556,546.0216146603397
1005,0.0,10.0,0.0,549.5567394300141,516.340855555556,546.0216146603397
1006,0.0,10.0,0.0,549.5567394300141,516.340855555556,546.0216146603397
1007,0.0,10.0,0.0,549.5567394300141,516.340855555556,546.0216146603397
1008,0.0,0.0,10.0,549.5567394300141,516.340855555556,546.0216146603397
1009,0.0,10.0,0.0,549.5567394300141,516.340855555556,546.0216146603397
1010,0.0,10.0,0.0,549.5567394300141,516.340855555556,546.0216146603397
1011,0.0,10.0,0.0,549.5567394300141,516.340855555556,546.0216146603397
1012,0.0,0.0,10.0,549.5567394300141,516.340855555556,546.0216146603397
1013,0.0,10.0,0.0,549.5567394300141,516.340855555556,546.0216146603397
1014,0.0,10.0,0.0,549.5567394300141,516.340855555556,546.0216146603397
1015,0.0,10.0,0.0,549.5567394300141,516.340855555556,546.0216146603397
1016,0.0,10.0,0.0,549.5567394300141,516.340855555556,546.0216146603397
1017,0.0,10.0,0.0,549.5567394300141,516.340855555556,546.0216146603397
1018,0.0,10.0,0.0,549.5567394300141,516.340855555556,546.0216146603397
1019,0.0,10.0,0.0,549.5567394300141,516.340855555556,546.0216146603397
1020,0.0,10.0,0.0,549.5567394300141,516.340855555556,546.0216146603397
1021,0.0,10.0,0.0,549.5567394300141,516.340855555556,546.0216146603397
1022,0.0,10.0,0.0,549.5567394300141,516.340855555556,546.0216146603397
1023,0.0,10.0,0.0,549.5567394300141,516.340855555556,546.0216146603397
1024,0.0,10.0,0.0,549.5567394300141,516.340855555556,546.0216146603397
